----------------------
-- POVOAMENTO DO BD --
---------------------

-- INSERE DADOS NA TABELA TURISTA
INSERT INTO TURISTA (NUM_CADASTRO, NOME) VALUES ('001', 'Messi');
INSERT INTO TURISTA (NUM_CADASTRO, NOME) VALUES ('002', 'Bruna');
INSERT INTO TURISTA (NUM_CADASTRO, NOME) VALUES ('003', 'Angelina');

-- INSERE DADOS NA TABELA PACOTE PROMOCIONAL
INSERT INTO PACOTE_PROMOCIONAL (COD_PROMOCIONAL) VALUES ('PROMO123');
INSERT INTO PACOTE_PROMOCIONAL (COD_PROMOCIONAL) VALUES ('PROMO456');
INSERT INTO PACOTE_PROMOCIONAL (COD_PROMOCIONAL) VALUES ('PROMO789');

-- INSERE DADOS NA TABELA PROPRIETARIOS
INSERT INTO PROPRIETARIO (CPF, NOME) VALUES  ('12345678901', 'Belfort');
INSERT INTO PROPRIETARIO (CPF, NOME) VALUES  ('23456789012', 'Cataleya');
INSERT INTO PROPRIETARIO (CPF, NOME) VALUES  ('34567890123', 'Wick');
INSERT INTO PROPRIETARIO (CPF, NOME) VALUES  ('45678901234', 'Cruise');

-- INSERE DADOS NA TABELA FAZENDA
INSERT INTO FAZENDA (COD_PROPRIEDADE, END_LOTE, END_NUMERO, CPF) VALUES ('FZ001', 'Rua A', '10', '12345678901');
INSERT INTO FAZENDA (COD_PROPRIEDADE, END_LOTE, END_NUMERO, CPF) VALUES ('FZ002', 'Rua B', '20', '23456789012');
INSERT INTO FAZENDA (COD_PROPRIEDADE, END_LOTE, END_NUMERO, CPF) VALUES ('FZ003', 'Rua C', '30', '45678901234');
INSERT INTO FAZENDA (COD_PROPRIEDADE, END_LOTE, END_NUMERO, CPF) VALUES ('FZ004', 'Rua D', '40', '45678901234');

-- INSERE DADOS NA TABELA FUNCIONARIO
INSERT INTO FUNCIONARIO (ID, NOME, COD_PROPRIEDADE, ID_GERENTE, DATA_ADMISSAO) VALUES ('F01', 'Darwin', 'FZ001', NULL, TO_DATE('01/01/2022', 'DD/MM/YYYY'));
INSERT INTO FUNCIONARIO (ID, NOME, COD_PROPRIEDADE, ID_GERENTE, DATA_ADMISSAO) VALUES ('F02', 'Átila', 'FZ001', 'F01', TO_DATE('03/12/2019', 'DD/MM/YYYY'));
INSERT INTO FUNCIONARIO (ID, NOME, COD_PROPRIEDADE, ID_GERENTE, DATA_ADMISSAO) VALUES ('F03', 'Scamander', 'FZ002', NULL, TO_DATE('15/01/2022', 'DD/MM/YYYY'));
INSERT INTO FUNCIONARIO (ID, NOME, COD_PROPRIEDADE, ID_GERENTE, DATA_ADMISSAO) VALUES ('F04', 'Buyer', 'FZ002', 'F03', TO_DATE('30/04/2020', 'DD/MM/YYYY'));
INSERT INTO FUNCIONARIO (ID, NOME, COD_PROPRIEDADE, ID_GERENTE, DATA_ADMISSAO) VALUES ('F05', 'Kal-El', 'FZ002', 'F03', TO_DATE('24/06/2021', 'DD/MM/YYYY'));
INSERT INTO FUNCIONARIO (ID, NOME, COD_PROPRIEDADE, ID_GERENTE, DATA_ADMISSAO) VALUES ('F06', 'Thanos', 'FZ002',  NULL, TO_DATE('09/09/2019', 'DD/MM/YYYY'));
INSERT INTO FUNCIONARIO (ID, NOME, COD_PROPRIEDADE, ID_GERENTE, DATA_ADMISSAO) VALUES ('F07', 'Rei do Gado', 'FZ004',  NULL, TO_DATE('02/10/2019', 'DD/MM/YYYY'));
INSERT INTO FUNCIONARIO (ID, NOME, COD_PROPRIEDADE, ID_GERENTE, DATA_ADMISSAO) VALUES ('F08', 'José', 'FZ004',  NULL, TO_DATE('12/12/2019', 'DD/MM/YYYY'));

-- INSERE DADOS NA TABELA SETOR
INSERT INTO SETOR (NOME, RECURSO, RESPONSAVEL) VALUES ('Pecuária', 5000.00, 'F01');
INSERT INTO SETOR (NOME, RECURSO, RESPONSAVEL) VALUES ('Plantio', 7500.00, 'F02');
INSERT INTO SETOR (NOME, RECURSO, RESPONSAVEL) VALUES ('Marketing', 4000.00, 'F04');
INSERT INTO SETOR (NOME, RECURSO, RESPONSAVEL) VALUES ('Armazém', 9000.00, 'F05');
INSERT INTO SETOR (NOME, RECURSO, RESPONSAVEL) VALUES ('RH', 6000.00, 'F06');
INSERT INTO SETOR (NOME, RECURSO, RESPONSAVEL) VALUES ('Financeiro', 8000.00, 'F08');

-- INSERE DADOS NA TABELA TRABALHA
INSERT INTO TRABALHA (ID_ART, ID) VALUES (1, 'F01');
INSERT INTO TRABALHA (ID_ART, ID) VALUES (2, 'F02');
INSERT INTO TRABALHA (ID_ART, ID) VALUES (2, 'F03');
INSERT INTO TRABALHA (ID_ART, ID) VALUES (3, 'F04');
INSERT INTO TRABALHA (ID_ART, ID) VALUES (4, 'F05');
INSERT INTO TRABALHA (ID_ART, ID) VALUES (5, 'F06');
INSERT INTO TRABALHA (ID_ART, ID) VALUES (6, 'F07');
INSERT INTO TRABALHA (ID_ART, ID) VALUES (6, 'F08');

-- INSERE DADOS NA TABELA ANIMAL
INSERT INTO ANIMAL (CODIGO, NOME, ESPECIE, SEXO, DATA_NASC, CUIDADOR) VALUES ('A001', 'Otis', 'Vaca', 'M', TO_DATE('01/01/2018', 'DD/MM/YYYY'), 'F01');
INSERT INTO ANIMAL (CODIGO, NOME, ESPECIE, SEXO, DATA_NASC, CUIDADOR) VALUES ('A002', 'Spirit', 'Cavalo', 'M', TO_DATE('03/05/2019', 'DD/MM/YYYY'), 'F01');
INSERT INTO ANIMAL (CODIGO, NOME, ESPECIE, SEXO, DATA_NASC, CUIDADOR) VALUES ('A003', 'Maggie', 'Vaca', 'F', TO_DATE('10/09/2017', 'DD/MM/YYYY'), 'F03');
INSERT INTO ANIMAL (CODIGO, NOME, ESPECIE, SEXO, DATA_NASC, CUIDADOR) VALUES ('A004', 'Rapicó', 'Porco', 'M', TO_DATE('05/06/2020', 'DD/MM/YYYY'), 'F05');
INSERT INTO ANIMAL (CODIGO, NOME, ESPECIE, SEXO, DATA_NASC, CUIDADOR) VALUES ('A005', 'Bullseye', 'Cavalo', 'M', TO_DATE('12/12/2016', 'DD/MM/YYYY'), 'F07');

-- INSERE DADOS NA TABELA ALIMENTACAO
INSERT INTO ALIMENTACAO (CODIGO, ALIMENTACAO) VALUES ('A001', 'Ração para vacas');
INSERT INTO ALIMENTACAO (CODIGO, ALIMENTACAO) VALUES ('A002', 'Ração para cavalos');
INSERT INTO ALIMENTACAO (CODIGO, ALIMENTACAO) VALUES ('A002', 'Cenouras');
INSERT INTO ALIMENTACAO (CODIGO, ALIMENTACAO) VALUES ('A003', 'Ração para vacas');
INSERT INTO ALIMENTACAO (CODIGO, ALIMENTACAO) VALUES ('A004', 'Biscoito para porco');
INSERT INTO ALIMENTACAO (CODIGO, ALIMENTACAO) VALUES ('A005', 'Ração para cavalos');

-- INSERE DADOS NA TABELA EQUIPAMENTOS
INSERT INTO EQUIPAMENTOS (CODIGO, NUMERO) VALUES ('A001', '001');
INSERT INTO EQUIPAMENTOS (CODIGO, NUMERO) VALUES ('A001', '002');
INSERT INTO EQUIPAMENTOS (CODIGO, NUMERO) VALUES ('A002', '001');
INSERT INTO EQUIPAMENTOS (CODIGO, NUMERO) VALUES ('A003', '001');
INSERT INTO EQUIPAMENTOS (CODIGO, NUMERO) VALUES ('A004', '001');
INSERT INTO EQUIPAMENTOS (CODIGO, NUMERO) VALUES ('A004', '002');
INSERT INTO EQUIPAMENTOS (CODIGO, NUMERO) VALUES ('A005', '001');

-- INSERE DADOS NA TABELA FIXO
INSERT INTO FIXO (ID) VALUES ('F04');
INSERT INTO FIXO (ID) VALUES ('F05');
INSERT INTO FIXO (ID) VALUES ('F06');
INSERT INTO FIXO (ID) VALUES ('F08');

-- INSERE DADOS NA TABELA TEMPORARIO
INSERT INTO TEMPORARIO (ID, TEMPO_CONTRATO) VALUES ('F01', 12);
INSERT INTO TEMPORARIO (ID, TEMPO_CONTRATO) VALUES ('F02', 6);
INSERT INTO TEMPORARIO (ID, TEMPO_CONTRATO) VALUES ('F03', 24);
INSERT INTO TEMPORARIO (ID, TEMPO_CONTRATO) VALUES ('F07', 18);

-- INSERE DADOS NA TABELA HOSPEDA
INSERT INTO HOSPEDA (NUM_CADASTRO, COD_PROPRIEDADE, DATA_VISIT) VALUES ('001', 'FZ001', TO_DATE('10/01/2022', 'DD/MM/YYYY'));
INSERT INTO HOSPEDA (NUM_CADASTRO, COD_PROPRIEDADE, DATA_VISIT) VALUES ('002', 'FZ001', TO_DATE('15/02/2022', 'DD/MM/YYYY'));
INSERT INTO HOSPEDA (NUM_CADASTRO, COD_PROPRIEDADE, DATA_VISIT) VALUES ('003', 'FZ002', TO_DATE('05/03/2022', 'DD/MM/YYYY'));
INSERT INTO HOSPEDA (NUM_CADASTRO, COD_PROPRIEDADE, DATA_VISIT) VALUES ('001', 'FZ004', TO_DATE('20/04/2022', 'DD/MM/YYYY'));
INSERT INTO HOSPEDA (NUM_CADASTRO, COD_PROPRIEDADE, DATA_VISIT) VALUES ('003', 'FZ004', TO_DATE('30/05/2022', 'DD/MM/YYYY'));
INSERT INTO HOSPEDA (NUM_CADASTRO, COD_PROPRIEDADE, DATA_VISIT) VALUES ('002', 'FZ003', TO_DATE('05/06/2022', 'DD/MM/YYYY'));

-- INSERE DADOS NA TABELA APRESENTA
INSERT INTO APRESENTA(NUM_CADASTRO, CODIGO, ID) VALUES ('001', 'A001', 'F02');
INSERT INTO APRESENTA(NUM_CADASTRO, CODIGO, ID) VALUES ('001', 'A002', 'F02');
INSERT INTO APRESENTA(NUM_CADASTRO, CODIGO, ID) VALUES ('001', 'A005', 'F07');
INSERT INTO APRESENTA(NUM_CADASTRO, CODIGO, ID) VALUES ('002', 'A001', 'F01');
INSERT INTO APRESENTA(NUM_CADASTRO, CODIGO, ID) VALUES ('003', 'A001', 'F02');
INSERT INTO APRESENTA(NUM_CADASTRO, CODIGO, ID) VALUES ('003', 'A003', 'F03');

-- INSERE DADOS NA TABELA INVESTE
INSERT INTO INVESTE (CPF, COD_PROPRIEDADE) VALUES ('12345678901', 'FZ001');
INSERT INTO INVESTE (CPF, COD_PROPRIEDADE) VALUES ('23456789012', 'FZ002');
INSERT INTO INVESTE (CPF, COD_PROPRIEDADE) VALUES ('34567890123', 'FZ002');
INSERT INTO INVESTE (CPF, COD_PROPRIEDADE) VALUES ('45678901234', 'FZ004');
INSERT INTO INVESTE (CPF, COD_PROPRIEDADE) VALUES ('45678901234', 'FZ003');

-- INSERE DADOS NA TABELA COMPRA
INSERT INTO COMPRA (COD_PROMOCIONAL, NUM_CADASTRO, COD_PROPRIEDADE, DATA_VISIT) VALUES ('PROMO123', '001', 'FZ001', TO_DATE('10/01/2022', 'DD/MM/YYYY'));
INSERT INTO COMPRA (COD_PROMOCIONAL, NUM_CADASTRO, COD_PROPRIEDADE, DATA_VISIT) VALUES ('PROMO123', '002', 'FZ001', TO_DATE('15/02/2022', 'DD/MM/YYYY'));
INSERT INTO COMPRA (COD_PROMOCIONAL, NUM_CADASTRO, COD_PROPRIEDADE, DATA_VISIT) VALUES ('PROMO456', '003', 'FZ002', TO_DATE('05/03/2022', 'DD/MM/YYYY'));
INSERT INTO COMPRA (COD_PROMOCIONAL, NUM_CADASTRO, COD_PROPRIEDADE, DATA_VISIT) VALUES ('PROMO789', '002', 'FZ003', TO_DATE('05/06/2022', 'DD/MM/YYYY'));